stop_name,latitude,longitude
(HQ) Mansfield street,24.8648308,67.0294183
100 Feet Road,24.8546842,67.0207055
100 Quarters,24.8835176,67.0422356
13-D Bridge,24.8555946,67.2111896
19-D Mohajir camp,,
19-D Nai Abadi,24.9170133,66.9626852
19-D Qabrustan,24.9464073,67.1076454
19-D Saeedabad,24.9115144,66.968816
2-D Bus Stop,,
2Min Chowrangi,,
36-B Area,24.937149,67.0876128
5-A,24.8546842,67.0207055
5-B Area,24.937149,67.0876128
5-E,24.8688628,67.0487719
7 Day Hospital,,
7th Day Hospital,24.8661719,67.0276214
7th day hospital,24.8661719,67.0276214
89 Bus Stop,,
A.B biscuit factory,,
A.P.W.A College,,
A.P.W.A Girls College,,
A.P.W.A School,,
APWA Girls College,24.8974121,67.0294056
Abbasi Hospital,24.92053,67.0297799
Abbasi Shaheed Hospital,24.92053,67.0297799
Abbasi Sheed Hospital,,
Abbasi hospital,24.92053,67.0297799
Abbysinia,,
Abdoz Chowrangi,,
Abdul Hameed Badayuni College,,
Abdullah Appartments,,
Abdullah Colege,,
Abdullah College,24.8567435,66.9916686
Abdullah Gabol Goth,25.0320204,67.124965
Abdullah Shah Gazi Mazar,,
Abdullah Shah Ghazi,24.9287672,66.9791682
Abdullah Shah Ghazi Mazar,,
Abdullah college,24.8567435,66.9916686
Abidabad,24.914389,66.975639
Abidabad Orangi,24.9277653,66.9796671
Abro Salt Works,,
Abul Hassan Isphahani Road,,
Achanak Hotal,,
Ack Ack School,,
Adam Road,24.8382175,67.038217
Adamjee Road,24.9401172,67.1142498
Agha Khan Hospital,24.866234,67.0249781
Agha Khan Jamat Khana,24.9131581,67.027236
Agha Khan Road,24.8692931,67.0226843
Agha KhanRoad,,
Agha khan Road,24.8692931,67.0226843
Agha khan hospital,24.866234,67.0249781
Agra Taj,24.8714202,66.9826114
Agra Taj Colony,24.8714202,66.9826114
Agra taj Colony,24.871593,66.9819781
Agra taj hanif manzil,,
Agra taj moosa lane,,
Air Port,,
Airport,24.8861183,67.1440848
Aisha Manzil,24.9255881,67.0656603
Aisha manzil,24.9255881,67.0656603
Ajmer Palza,,
Akhtak Colony,,
Akhtar Colony,24.8863237,66.9895196
Akhter Colony,24.8362205,67.0746864
Akthar Colony,,
Akther Colony,,
Al ahmed Town,24.9147271,67.1279221
Al asif square sohrab goth,24.9510215,67.0915684
Al-Ahmed Town,24.933121,67.049826
Al-Asif Plaza,,
Al-Asif Square,24.9510215,67.0915684
Al-Azam Square,24.91364,67.0520681
Al-Azam Town,24.8464347,67.0685709
Al-Azam square,24.91364,67.0520681
Al-Hyderi,24.9375922,67.0418997
Al-Noor Gulberg,24.9166287,67.0588339
Al-Noor Society,24.9948579,67.1089952
Al-Noor Stop,,
Al-Shifa,24.826204,66.9815855
Al-majid school,,
Alamgir Road,24.8795122,67.0715555
Aliabad,24.9203933,67.0636894
Allah Wala Town,24.8204525,67.1061302
Allahwala Town,24.8282033,67.1119669
Allama Iqbal College,24.8800329,67.1499058
Allama Rashid Turabi Chowk 2,,
Allama Turabi Road,24.9259883,67.0484889
Allied Bank New Karachi Branch No. 5,,
Alnoor Society,24.9450867,67.0412223
Altaf Nagar,24.8743092,67.0211553
Ancholi,24.9447754,67.0795328
Angara Goth,,
Anglo Orient School,,
Aram Bagh,24.8560412,67.0129337
Aram bagh,24.8560412,67.0129337
Arts Concil,,
Asia mor,,
Asif Centre Super Highway,,
Asif Market,24.9573476,67.202991
Asif square,24.9510215,67.0915684
Askari Appartment,,
Asoo Goth,,
Asphalt,,
Asso Goth,,
Auliya Masjid,24.8733225,67.059279
Awami Goth,24.9217958,67.1502004
Ayub Goth,24.9478873,67.131024
Ayub Manzil,24.9198976,67.0731208
Aza,24.9256502,67.1519547
Azam Basti,24.8481043,67.0746834
Azeem Pure,,
Azimpura,,
Aziz Bhatti Park,24.9126317,67.0945412
Aziz Bhatti Shaheed Road,,
Aziz Medical Centre,24.8565688,67.1954664
Aziz Mills,,
Azizabad,24.9161647,67.0653569
Azizabad Chowrangi,,
B-3 Mini Bus Stop,,
Baba-e-Urdu Road,,
Baba-e-urdu,24.9024963,67.0502744
Baba-e-urdu Road,,
Babar Market,24.8586062,67.0038439
Baber Market,,
Bacha Khan Chowk,,
Bacha khan Chowk,,
Bachoha Jail,,
Badar Chowk,24.9355399,66.9927997
Badar Chowk No 4,24.9329617,66.9980435
Badar Chowk No 5,24.9329617,66.9980435
Badar Hotel,,
Badhni Goth,,
Bagh-e-jinnah,24.8496128,67.0229811
Baghdadi,24.8621739,66.9961779
Baghdadi P.S Noorabad,,
Bahadurabad,24.8823404,67.0674014
Bakhari Bijara Bhatti,,
Bakrapidi,,
Bakrapiri,,
Bala Board,,
Balda Colony,,
Baldia,24.9187786,66.9613949
Baldia Colony,24.9194279,66.9636693
Baldia Colony No. 6,,
Baldia Colony No. 7,,
Baldia Town,24.9187786,66.9613949
Baldia shershah,,
Baloch Colony,24.8324179,67.2457481
Baloch Goth,24.8578609,66.6858007
Banarar Colony,,
Banaras,24.9425872,67.0089316
Banaras Chowk,24.9325016,67.0153877
Banaras Colony,24.9432922,67.0024982
Banaras Road,24.9413543,67.0075686
Bandar Road,24.8748983,67.0369842
Bander Road,,
Bangali Oil mills,,
Bangali Para,24.8875359,67.0651963
Bank Qtrs,,
Bank Quarters,24.8644699,67.0220677
Baocha Jail,,
Bara Board,,
Bara Dari,24.9296912,67.0799516
Bara Maidan,24.9161949,67.0217581
Bara boar,,
Baradari,24.9296791,67.080196
Baramaidan,,
Barbar,24.9174109,67.0670079
Barness Street,,
Basti,24.9243391,67.2485642
Bath Island,24.8352549,67.0281829
Bawani textile mills,,
Bawany Ghali,,
Behar Colon,,
Behar Colony,,
Bengali Camp,,
Bhains Colony,24.8240238,67.2629334
Bhattai Colony,24.8128492,67.1087055
Bhatti Park,24.9126317,67.0945412
Bhawani Challi,,
Bhayani Heights,24.950798,67.0520772
Bhense Colo,,
Bhense Colony,,
BhenseColony,,
Bhiroo Goth,,
Bhitai Colony,24.8109765,67.1076653
Bhitai Road,25.0201379,67.1288489
Bhittai Colony,24.8168486,67.1078522
Bihar Colony,24.8854042,67.0484297
Bilal Chowrangi,24.8429546,67.1420418
Bilal Chowrangi hospital,,
Bilal Colony,24.8478476,67.1342808
Bilal Pulia,,
Bilawal House,24.8123188,67.0200174
Biscuit Factory,,
Bismillah Hotel,24.8816419,67.0991403
Bismillah Stop,24.832085,67.1444614
Bismillah hotel,24.8664136,67.0228977
Bleak House Road,24.8446227,67.0373914
Bleak house Road,24.8446227,67.0373914
Blouton Market,,
Boad Basin,,
Boad Office,,
Board Basin,,
Board Office,24.9128333,67.0455094
Board office,24.9128333,67.0455094
Board office Chowrangi,,
Boat Basin,24.821449,67.0183042
Boat Basin Chowragni,,
Bolton Market,24.8523586,67.0022597
Boulton Market,,
Bridge,24.8555946,67.2111896
Britte Road,,
Buffallow Colony Landhi,,
Buffer Zone,24.9552547,67.0670153
Buffer Zone Sector 16-A,24.9618053,67.0715893
Bufferzone,24.9576415,67.0733113
Bughdadi Agra Taj,,
Bukhari Bijari Bhatti,,
Bund Murad Khan,,
Bundar Road,,
Bunder Road,,
Buns Road,,
Burmi Colony,,
Burns Road,24.8580783,67.015028
Bus stop No 5,,
Buscuit Factory,,
C.M.H Picaddily Cinema Chowk,,
C.O.D Road,,
CLifton Casino,,
Cafe Liberty,,
Cafe Nawabad,24.8586157,66.9914822
Cafe liberty,,
Camra Chowrangi,,
Cannt. Station,,
Cantt,24.9519357,67.2262313
Cantt Bazar,24.9263658,67.2036763
Cantt Post office,24.8437136,67.037373
Cantt Railway Station,24.9519357,67.2262313
Cantt Station,24.9519357,67.2262313
Cantt Station http://adiekhan.blogspot.com/2009/01/karachi-bus-routes_24.html,,
Cantt Stations,24.9519357,67.2262313
Cantt. Public School,24.7998264,66.9657124
Cantt. Station,24.9519357,67.2262313
Capri Cinema,24.8682103,67.0289055
Carela mor,,
Cattel Colony,,
Cattle Colony,24.9141243,67.0735149
Cement Factory,24.9077425,67.0980091
Ch. Khaliquzzaman Road,,
Chaghi,,
Chakiwara,24.8699001,66.999793
Chakiwra,,
Chaliwara,,
Chaman Colony,24.9350013,67.1406917
Chamra Chourangi,,
Chamra Chowrangi,,
Chamra Colony,,
Chand Bibi Road,24.8618739,67.0141098
Chandbibi Road,,
Chandni Chowk,24.9215078,67.0214054
Channasar Goth,,
Charai nala,,
Chaukandi,24.8635508,67.2713543
Chawal Godown,,
Cheelawala kothi khalid bin walid Road,,
Cheta gate,,
Chiragh Hotel,24.8370005,67.1801744
Chisti Nagar,24.9638468,66.9738928
Chota Gate,,
Chota Maidan,,
Chowrangi No. 2,24.8820534,67.1514074
Chungi Naka,,
Cinema Chowk,,
City Court,24.8559541,67.0057203
City Garden,25.0486743,67.1411718
City P.O Burns Road,,
City Post Office,24.8776783,67.1925024
City Station,24.7800202,67.0870139
Civic Centre,,
Civil Hospital,24.8593607,67.0103185
Civil Lines,24.844097,67.0334903
Civil hospital,24.8593607,67.0103185
Clayton Road,24.8763833,67.0330675
Clifton,24.8190552,67.0262397
Clifton 26 street,24.804047,67.0386922
Clifton Bridge,24.8404753,67.0327685
Clifton Road,24.8245283,67.0383318
Clifton bridge,24.8404753,67.0327685
Coast Gard,,
Coast Guards,24.8685349,67.0253111
Coast guard,24.868898,67.0258948
College Chowrangi,24.9480102,67.0403849
Colony Gate,24.88711,67.1501422
Corongi Road,,
Corporation,24.8909405,67.0590738
Corporation Gate,,
Cost Guard,,
Country club Road,24.8322669,67.3461577
Court Road,24.857426,67.0191017
Cowie Road,,
Cross Frere Road,,
Crown Cinema,24.8641858,66.9864681
Custom House,24.8480911,66.992605
Custom Road,24.8480911,66.992605
Custom house,24.8483714,66.9924456
D.C Office,,
D.K Mour,,
D.turn Kala school No 2,,
D.turn sindhi hotel,,
Dabba Colony,24.9605668,66.9840721
Dabba Mour,,
Dabba mor,,
Dada Bhai Nooroji Road,,
Daily Jung Office,,
Daily Jung Ofice,,
Dairy Farm Model Colony,24.8394175,67.2532666
Dak Khana,24.9001295,67.2094412
Dak khana,24.9001295,67.2094412
Dalimia Cement Factory,,
Dalimia Cement Factory Road,,
Dalimia cement factory Road,,
Dalmia,24.9077425,67.0980091
Dalmia Cement Colony,24.9077425,67.0980091
Dalmia Chowrangi,,
Dalmia cement factory,24.9045726,67.1066776
Damloti No. 3,,
Damloti No. 6,,
Dangerai Road,,
Dar-ul-Ulum,24.8726606,67.0459435
Darakshan,24.9897425,67.1254788
Darsana Chana,,
Darul-uloom,24.875718,67.1355602
Daryabad,24.8622485,66.9911979
Dastagir,24.9283092,67.0782597
Dastagir Colony,24.9222845,66.9793518
Dastagir No. 16,24.9283092,67.0782597
Dastagir No. 9,24.9283092,67.0782597
Data Chowk Orangi Town,,
Dawood Chorangi,24.8503838,67.2071912
Dawood Chourangi,,
Dawood Chowrangi,24.850002,67.2073053
Dawood Mills,24.8415035,67.2169367
Dawood Pota Road,,
Defence,24.8328496,67.0630248
Defence More,,
Defence Mour,,
Defence Society,24.933288,67.1779893
Defence View,24.83483,67.0760721
Defence society,24.933288,67.1779893
Degree College,24.9238689,67.2022581
Dehangir Road,,
Dehli Colony,24.8319055,67.0431537
Dehli Saudagar Colony,,
Dehli society,24.9784878,67.1196603
Delhi Colony,24.8323033,67.0440311
Denfence Mour,,
Dens Hall,,
Denso Hall,24.8534466,67.0049098
Dhabi Bux Goth,,
Dhani Bux Goth,24.9232629,67.1556354
Dhobi Ghat,24.8764385,67.0120542
Dhobi ghat,24.8764385,67.0120542
Dhoraji,24.9375016,67.1752589
Dhoraji Colony,24.8872871,67.0770287
Dhoraji Society,24.9375016,67.1752589
Dhoraji society,24.9375016,67.1752589
Direct Bunder Road,,
Directorate Of School Road,,
Dirigh Road,,
Disco Bakery,24.929117,67.097339
Disco Chowk,,
Disco Mor,,
Disco Mour,,
Disko Mour,,
Do Minute Chowrangi,,
Dock Yard,24.830125,67.2937025
Dockyard,24.8332995,66.9719249
Doctor Dawood Pota Road,,
Dond Goth,,
Dowood Chowrangi,,
Dowood Pota Road,,
Dowwd Pota Road,,
Dr,24.8546842,67.0207055
Dr. Dowood pota Road,,
Dr. Zia-uddin Road,,
Dr. Ziauddin Ahmed Road,,
Dr. Ziauddin Hospital,24.817013,67.0067409
Dr. dawood pota Road,,
Drigh Colony No. 1,24.8843716,67.1283876
Drigh Colony No. 2,24.8843716,67.1283876
Drigh Colony No. 5,24.8843716,67.1283876
Drigh Colony Sector No 3,,
Drigh Colony sector No 3,,
Drigh Road,24.8863153,67.1261891
Drigh Road Station,24.8863153,67.1261891
Drive-In,24.9023146,67.1120122
Drive-in-cinema,,
Driven Cinema,,
Dubba Colony,,
Eid Gah,24.9148471,66.9708766
Eidgah,24.8591266,67.0138917
Empress Market,24.8620983,67.0294872
End of Sector 4 Baldia Town,,
Enquiry office,24.9071447,67.0323287
Enrollment Road,,
Erum Shopping Centre,,
Essa nagari,24.90253,67.0663842
Estate avenue,24.8900906,66.9842832
Exhibition,24.8760053,67.02348
Extension Malir City Petrol Pump,,
Eye Hospital,24.9264816,67.0957832
F.B Area,24.937149,67.0876128
F.T.C,,
FLeet Club,24.8570439,67.0343326
FTC,24.8590985,67.0495613
Faisal Road,24.8700183,67.0878386
Faizabad Sector 4-A,,
Faizabad Sector 7-A,,
Faizabad Sector 7-B,,
Faqir Colony,24.9221698,66.9645285
Faqir Mohammad Durra Khan Road,,
FaqirColony,,
Faquir Colony,,
Faran Centre,,
Fareed Colony,24.9364701,66.9806566
Farid Colony,24.9195613,67.0875179
Farooq Mills,,
Fatimah Jinnah Road,,
Fazal Mills,24.84714,67.1713711
Federal B. Area,24.9256493,67.0689573
Fedral B. Area,24.9176913,67.0634425
Fedral B. Area Block-H Chowrangi,,
Fedrel B. Area,,
Ferer Road,,
Filter Plant,24.8972686,67.1152662
Firdous Colony,24.8962158,67.0341652
First Chowrangi,,
Fish Harbour,24.8012067,67.2013957
Fisheries,24.8053713,67.202061
Fishri,,
Fishries,,
Five star,24.816351,67.0299557
Five star Chowrangi,,
Fleet CLub,24.8570439,67.0343326
Fleet Club,24.8570439,67.0343326
Fleet Club Shahrah-e-Iraq,,
Frere Hall,24.8475202,67.0330882
Frere Road,24.857678,67.0312036
Frere Street,24.857678,67.0312036
Fresco Chowk,24.8901591,67.0776219
Fronteir Colony,,
Frontier Colony,24.9291862,67.0055184
Frontier Mor,,
Frontier More,,
Frontier Mour,,
Frontier mor,,
Future Colony,24.8582339,67.1968502
Fuwara Chowk,,
G Alana Road,,
G. Allana Road,24.8481332,66.995351
G.Allana Road,24.8481332,66.995351
GUkshan-e- Behar,,
GUlbai,24.8765871,66.969813
GUlistan-e-Jouhar,24.9311811,67.1570819
Gabol Goth,24.9756495,67.145934
Gabol Town,24.9662573,67.0874563
Gadap,25.0721339,67.1236241
Gadap Goth,25.0118453,67.0227421
Gaddafi Town,,
Gandhi Chowk,,
Gandhi Garden,,
Garden,24.8819943,67.0309179
Garden Bara Board,,
Garden Road,24.880649,67.0231837
Gareebabad,,
Geedar Colony,,
General motors,24.8842602,66.9938678
Geram-ka-Goth,,
Ghani Chowk,,
Ghani Chowrangi,24.894223,66.9895923
Ghareebabad,,
Gharibabad,24.9088666,67.0572828
Ghas Bunder,,
Ghas Mandi,24.9449948,67.0680422
Ghas Mandir,,
Ghazi Salahuddin Road,24.8763921,67.0871101
Ghodra No.7,,
Ghouspak,,
Gizri,24.8175311,67.0458706
Godhra,25.0197567,67.0885004
Godhra Camp,,
Godhra Chowk,,
Godhra camp,,
Godown Chowrangi,,
Goharabad,24.923929,67.0785772
Golden City,24.963969,67.135248
Goli Maar,,
Goli Maar Chowrangi,,
Golimar,24.8926609,67.0274263
Golimar Chowrangi,24.9020224,67.0306873
Golimar No 1,24.8926609,67.0274263
Golimar No 2,24.8926609,67.0274263
Gora Kabristan,,
Gora Qabristan,24.8552148,67.0503499
Gora Qabrtustan,,
Gora Qabrustan,,
Goro Mandir,,
Goro Qabrustan,,
Goru Mandir,,
Gosia Chowk,24.8825963,67.1884899
Gr,24.8581115,67.0245412
Grace Colony,24.902865,66.9741027
Grace Mauripur,,
Graveyard No 7-1/2,,
Grazy Colony,,
Gujarnala,,
Gujjar Nala,24.9254787,67.0497235
Gujjar nala,24.9254787,67.0497235
Gul Ahmed,24.8842788,67.0811297
Gul Ahmed Mills,24.8453217,67.2152633
Gul Ahmed Textile Mills,24.8388225,67.2196912
Gul City,24.9820338,67.2019329
Gul Mohammad Chowrangi,,
Gulashan-e-Hadeed,,
Gulba,,
Gulbahar,24.8961404,67.0257302
Gulbai,24.8765871,66.969813
Gulbai Chowk,,
Gulbehar Chowrangi,,
Gulberg,24.9325432,67.0705588
Gulberg Chowrangi,24.942086,67.0710369
Gulberg Colony,24.9233032,67.0591838
Gulberg Textile Chowrangi,,
Gulberg Textile Mill,,
Gulistan-e- Jauhar Block 18,24.9240162,67.1382134
Gulistan-e-Jauhar,24.9240162,67.1382134
Gulistan-e-Jauhar Block 17,24.9240162,67.1382134
Gulistan-e-Jauher,,
Gulistan-e-Johar,24.9093636,67.1084783
Gulistan-e-Jouhar,24.9311811,67.1570819
Gulistan-e-johar,24.9093636,67.1084783
Gulistan-e-johar No. 10,24.9218341,67.1307899
Gulshan,24.8976976,67.0663342
Gulshan Chorangi,,
Gulshan Chowrangi,24.9246131,67.0912849
Gulshan Complex,24.8698102,67.0947496
Gulshan Ghazi,24.9125157,67.0919756
Gulshan Thana,,
Gulshan umair,24.9397541,67.1670945
Gulshan- e-Ghazi,24.923948,66.9793321
Gulshan-e- Iqbal,24.9067294,67.0986573
Gulshan-e- Maymar,25.020894,67.1322813
Gulshan-e-Bahar,24.9715756,66.9925217
Gulshan-e-Behar,,
Gulshan-e-Bihar,24.8875579,67.0503208
Gulshan-e-Farooq,24.9661433,67.0495724
Gulshan-e-Farooq 7-D Qabrustan,,
Gulshan-e-Ghazi,24.923948,66.9793321
Gulshan-e-Hadeed,24.8699988,67.3600518
Gulshan-e-Hadeed Phase 1 and Phase 2,,
Gulshan-e-Hadeed Phase 3,24.8787296,67.3699986
Gulshan-e-Hadeed Phase I,,
Gulshan-e-Hadeed Phase II,,
Gulshan-e-Hadeed Phase III,,
Gulshan-e-Hadid,,
Gulshan-e-Iqbal,24.9067294,67.0986573
Gulshan-e-Iqbal 13-D-2,24.9067294,67.0986573
Gulshan-e-Iqbal Block 5 Chowrangi,24.9255868,67.09278
Gulshan-e-Iqbal Block No. 4,24.9290468,67.1041035
Gulshan-e-Iqbal Block No. 4-A,24.9290468,67.1041035
Gulshan-e-Maymar,25.020894,67.1322813
Gulshan-e-Rufi,24.9103343,67.0716579
Gulshan-e-Saeed Hassan,,
Gulshan-e-Shamim,24.9169379,67.0748454
Gulshan-e-Zia Terminal No. 1,,
Gulshan-e-zia,24.9985418,66.9777236
Gulzar Colony,24.8556768,67.1339467
Gulzar Colony Sector 8-F,,
Guru Mandir,24.88136,67.0380082
Guru Nadir,,
Guru mandir,24.8795684,67.0411743
Gymkhana Club,24.9337323,67.0640026
H.I Rehmatullah Road,,
HB Weather,,
Habbib Bank,,
Habib Bank,24.9095191,67.0500177
Habib Bank Chowrangi,24.9113326,67.014248
Habib Chowrangi,24.850002,67.2073053
Habib bank,24.9095191,67.0500177
Habib mills,24.8941834,66.988998
Habibabad,,
Haji Camp,24.8440461,67.0377769
Haji Camp Road,24.8406155,67.0140056
Haji Jikhria,,
Haji Zakria Goth,,
Haji camp,24.8440461,67.0377769
Haji camp Road,24.8406155,67.0140056
Halipad,,
Hamdard university,25.0853977,67.0078658
Haneef Manzil,,
Harichandrai Road,,
Haroon Banglow,,
Hasan Road,24.8484166,66.9994065
Hasan Square,24.9007046,67.0725224
Hasan square,24.9007046,67.0725224
Hashim Goth,24.9397098,67.2449145
Hassan Square,24.9014648,67.0739031
Hassan square,24.9014648,67.0739031
HassanSquare,,
Hawksbay,24.9003807,66.8399224
Hazrat Bilal Colony,24.8513116,67.1339494
Herchandrai Road,,
Hijaz Dairy Farm,,
Hill Park,24.870432,67.0713521
Holiday Inn Hotel,,
Holy Family Hospital,24.8721154,67.0278646
Hospital Chorangi,,
Hospital Chowrangi,24.8371352,67.2254224
Hospital Road,24.8553579,67.0381246
Hub Dam Colony,25.0012132,67.0358762
Hub Pumping Station,,
Hub River Road,,
Hub dam Road harri masjid,,
Hub river Road,,
Humayun Road,,
Hussain D'Silva,,
Hussain D'Silva Town,,
Hussainabad,24.8852314,67.0590877
Hussaini Sajjadia,,
Hussaini Sajjadia Chowrangi,,
Hyderabad Colony,24.8853926,67.0539685
Hyderi,24.9390175,66.9946574
I.C.I,24.8591785,67.0595314
I.C.I Bridge,,
I.I Chundrigar Road,24.8491113,67.0012571
I.I Cundrigar Road,,
I.I chundrigar Road,24.8491113,67.0012571
ICI Factory,,
Ibrahim,24.9323944,67.0289885
Ibrahim Haidery,24.7851872,67.1428731
Ibrahim Hyder,,
Ibrahim Hyderi,24.797538,67.1358935
Imam Bara,24.8867316,67.046841
Imam Hospital,24.8893656,67.0455284
Industrial Area,24.8875612,67.193538
Ingle Road,24.8519716,67.0202551
Invararity Road,,
Invarity Road,,
Iqbal Market,24.8513455,66.998958
Iqbal Market 11 1/2 Orangi,,
Iqbal S.J Shaheed Road,24.871948,67.026601
Iqbal Shaheed Road,24.8875579,67.0503208
Iqbal Sheed Road,,
Ishaqabad bridgh,,
Islam Chowk,24.9552026,66.9901441
Islam Nagar,24.8733525,67.0143578
Islamia College,24.9631947,67.0763773
Islamia college,24.9631947,67.0763773
Ismiala jamat khana tower,,
Ittefaq Colony Malir,,
Ittehad Colony,24.9263056,66.9640339
Ittehad Town,24.9746492,66.9535385
Ittehad Towwn,,
Jaffer Tayyar Society,24.8841642,67.1996064
Jahangeer Road,,
Jahangir Road,24.8881768,67.0386064
Jail Chowrangi,24.884818,67.0565488
Jail Road,24.8927806,67.0543393
Jail Road Chowrangi,,
Jalendhri Road,,
Jam Goth,24.9854045,67.1058799
Jam Sadiq Ali Bridge,24.832711,67.0904527
Jam saddiq ali bridge,,
Jama Cloth,24.8587824,67.0144873
Jama Cloth Market,24.8587824,67.0144873
Jama Colth,,
Jama Goth,25.0872961,67.0129946
Jama cloth,24.8587824,67.0144873
Jama cloth Market,24.8587824,67.0144873
Jamaluddin Afghani Road,24.8844217,67.0647532
Jamat Khana,24.9137255,67.1010768
Jamila street,24.8676176,67.0119025
Jamshed Road,24.8817322,67.0438308
Jauhar Square,,
Jauhar square,,
Javedan Cement Factory,,
Jehangir Road,24.8614877,67.0280331
Jehangirabad,,
Jet Line,,
Jet Lines,,
Jet lines,,
JetLine,,
Jial Road,,
Jigar muradavadi Road,,
Jinnah Avenue,25.1531022,67.3667636
Jinnah Hospital,24.8517423,67.0471346
Jinnah Mazar,,
Jinnah Square,24.9994855,67.3142443
Jinnah central hospital,,
Jinnah hospital,24.8517423,67.0471346
Jinnah square,24.9965676,67.3159137
JinnahHospiutal,,
Jonijo Town,,
Jouhar Chowrangi,,
Jouhar Square,,
Jubilee Cinema,,
Jubilee cinema,,
Juhar Square,,
Juna Maket,,
Juna Market,24.856877,67.0021881
Jutland Lines,24.8654616,67.0393943
Jutland line,24.8670762,67.0335898
Juuna Market,,
K Area,24.8398374,67.1659474
K.D.A,24.8999988,67.094355
K.D.A Chowrangi,,
K.D.A Civic Centre,,
K.D.A Office,,
K.D.A Pump House,,
K.D.A Site Office,,
K.D.A Site office,,
K.M.C Primary School,,
K.M.C Work Shop,,
K.M.C Workshop,,
K.P.T ground,,
KDA,24.8896835,67.0836475
KDA Flats Sector 14-A,,
KDA Flats Sector 14-B,,
KDA Office,24.9276853,67.0947378
KDA Pump,,
Kachi Memon Society,,
Kadiji,,
Kakri Ground,24.8563007,66.9992906
Kakri Road,24.8598986,66.992386
Kala Board,24.8823269,67.1823277
Kala Pul,24.8503816,67.0536257
Kala Pull,,
Kala School,,
Kala school,,
Kalapul,24.8482773,67.0489213
Kali Market,24.8573086,67.01259
Kalri,24.8696003,66.989002
Kannup Colony,,
Karachi University,24.9437348,67.1206228
Karella Mour,,
Karim Chowrangi,,
Karimabad,24.9195535,67.0556807
Karimabad Chowrangi,,
Karsaz,24.8778199,67.0989711
Karsaz lal kothi,,
Kasba Mour,,
Kashmir Chowrangi,,
Kashmir Road,24.8718697,67.0482177
Kathere,,
Kathore,25.0077205,67.3566338
Katrak Road,24.8591535,67.0252501
Kawari Colony,,
Keamari,24.821889,66.9840531
Keamari K.P.T Ground,,
Keamari Terminal No.2,,
Kearmari,,
Keemari,,
Kemari,24.819949,66.9748366
Kenker,,
Khadda Market,24.8134813,67.049954
Khadda Memon Society,,
Khadda Quarters,,
Khadda quaters,,
Khairabad,24.861042,67.0010066
Khaja jamat khana,,
Khajeer Bazar,,
Khajoor Market,24.8591475,67.0004109
Khaled Bin Walid Road,,
Khalid Bin Waleed Road,24.878868,67.0598122
Khalid Bin Walid Road,24.8782874,67.0592959
Khaliq-e-Saddi,,
Khaliq-us- Zaman Road,,
Khaliq-uz-Zaman Road,,
Khaliquzaman Road,,
Khaliquzzaman Road,,
Kharadar,24.8511574,66.9949796
Kharadar Chowrangi,,
Kharkar Chowrangi,,
Khaskheli Goth,25.1181724,67.1589773
Khatoon-e-Pakistan College,24.8902663,67.0729308
Khawaja Ajmair Nagri,,
Khawaja Ajmeer Nagar,,
Khayaban-e- Shamsheer,24.8095272,67.0443122
Khayaban-e-Attar,,
Khayaban-e-Bahria,24.809963,67.0577563
Khayaban-e-Jami,24.8287803,67.061715
Khayaban-e-Mafia,,
Khayaban-e-Roomi,24.7764307,67.061139
Khayaban-e-Sadi,,
Khayaban-e-Shamsheer,24.8095272,67.0443122
Khayaban-e-Shamsher,,
Khayaban-e-shershah soori Road,,
Khayam No 3,,
Khayam No 4,,
Khayam No 5,,
Khazana,,
Kheja Jamat Khana,,
Khoja Jamat Khana,,
Khoja jamat khana,,
Khokhrapar,24.9040971,67.211932
Khokhrapar No 1,24.9040971,67.211932
Khokhrapar No 2,24.9040971,67.211932
Khokhrapar No 3,24.9040971,67.211932
Khokhrapar No 4,24.9040971,67.211932
Khokhrapar No. 1,24.9040971,67.211932
Khokhrapar No. 4,24.9040971,67.211932
Khokhrapar No. 6,24.9040971,67.211932
Khokrapar No.1 and No. 4,,
Khuaja Ajmeer Nagar,,
Khudadad Colony,24.8774266,67.0463278
Khuwaja Ajmer Nagri,24.9881625,67.0562585
Khyber,24.9247003,67.0195339
Khyber Chowk,24.9653497,66.9594937
Kinara Hotel,,
Kiran Hospital,24.9470857,67.1449134
Korangi,24.8206928,67.1403735
Korangi Area,24.8271755,67.1013089
Korangi Crossing,24.8170248,67.1079526
Korangi Crossing Quyumabad,,
Korangi I-Area,24.8530492,67.187944
Korangi Industrial Area,24.8458157,67.1355012
Korangi Market,24.834274,67.1002395
Korangi Market No. 6,,
Korangi No 1,24.8268189,67.1298134
Korangi No 2,24.8206928,67.1403735
Korangi No 3,24.8206928,67.1403735
Korangi No 4,24.8206928,67.1403735
Korangi No 5,24.8206928,67.1403735
Korangi No 5-1/2,24.8338541,67.1443185
Korangi No 6,24.8206928,67.1403735
Korangi No.,24.8315676,67.1403241
Korangi No. 1,24.8268189,67.1298134
Korangi No. 1 and No. 5,,
Korangi No. 2,24.8206928,67.1403735
Korangi No. 2 1/2,24.8239193,67.1362753
Korangi No. 2-1/2,24.8239193,67.1362753
Korangi No. 3,24.8206928,67.1403735
Korangi No. 4,24.8206928,67.1403735
Korangi No. 5,24.8206928,67.1403735
Korangi No. 5 1/2,24.8250548,67.1461329
Korangi No. 5-1/2,24.8115624,67.1493715
Korangi No. 6,24.8206928,67.1403735
Korangi No.1,24.8268189,67.1298134
Korangi No.13,24.8206928,67.1403735
Korangi No.14,24.8206928,67.1403735
Korangi No.2 1/2,24.8239193,67.1362753
Korangi No.4,24.8206928,67.1403735
Korangi No.6,24.8206928,67.1403735
Korangi No.7,24.8206928,67.1403735
Korangi No.8,24.8206928,67.1403735
Korangi Road,24.8561209,67.0510981
Korangi no. 1,24.8268189,67.1298134
Korangi no. 5,24.8206928,67.1403735
Korangi no. 6,24.8206928,67.1403735
Kothri Parade,,
Kudadad Colony,,
Kutchery Road,24.8551107,67.0099638
LPG Plant,24.8055977,67.1216246
Labour Campus,24.9048489,66.9857291
Labour Quaters,,
Labour Sqaure,,
Labour Square,24.9043422,66.9835094
Labour square,24.9043422,66.9835094
Lae Market,,
Lal Kothi,24.8621502,67.0690638
Lal Market,24.856845,67.0165721
Lal Market 5-F,,
Lal Market New Karachi,,
Lal Masjid,24.8942379,67.1909198
Lalabad,24.824186,67.2091981
Laltain Factory,,
Lalukhat,,
Lalukhet,24.9159121,67.0510731
Lalukhet No. 10,24.9159121,67.0510731
Landhi,24.8508469,67.211895
Landhi 3-1/2,24.8351918,67.1774095
Landhi 89,24.8351918,67.1774095
Landhi Children Jail,,
Landhi Chiragh Hotel,24.8370005,67.1801744
Landhi Industrial Area,24.8429607,67.206879
Landhi K-Area,24.8520926,67.1864717
Landhi No 1,24.8351918,67.1774095
Landhi No 5,24.8351918,67.1774095
Landhi No. 1,24.8351918,67.1774095
Landhi No. 2,24.8351918,67.1774095
Landhi No. 3,24.8351918,67.1774095
Landhi No. 3 1/2,,
Landhi No. 4,24.8351918,67.1774095
Landhi No. 5,24.8351918,67.1774095
Landhi No. 6,24.8351918,67.1774095
Landhi No.1,24.8351918,67.1774095
Landhi No.4,24.8351918,67.1774095
Landhi No.6,24.8351918,67.1774095
Landhi No.6 to No.1,,
Landhi Petrol Pump,,
Landhi kotal,,
Landhi no. 3,24.8351918,67.1774095
Landhi no. 6,24.8351918,67.1774095
Landi No. 1,24.9369527,67.0552788
Landi No. 2,24.9369527,67.0552788
Landi No. 3,24.9369527,67.0552788
Landi No. 4,24.9369527,67.0552788
Landi No. 5,24.9369527,67.0552788
Landi No. 6,24.9369527,67.0552788
Lasbela,24.8858107,67.032284
Lasbela Chowk,24.8857871,67.0345011
Lasbela House,,
Lasbella,24.8857788,67.0344599
Lasbella Chowk,24.8873763,67.0329181
Lashari Village,,
Lawrance Road,24.8796477,67.0328307
Lawrence Road,24.879247,67.0329694
Lea Market,24.8605886,67.0003087
Lee Market,24.8597993,67.0158198
Leemu Goth,,
Lesbella,,
Liaquat Abad No. 10,24.9233578,67.0680278
Liaquat Hospital,24.893116,67.0684484
Liaquat Market,24.8931455,67.194631
Liaquat Medical Hospital,24.8904754,67.0676323
Liaquat No. 10,24.8668056,67.0477013
Liaquat hospital,24.893116,67.0684484
Liaquatabad,24.9029771,67.0386279
Liaquatabad No 10,24.9029771,67.0386279
Liaquatabad No. 10,24.9029771,67.0386279
Liaquatabad No. 16,24.9029771,67.0386279
Liaquatabad No. 4,24.9029771,67.0386279
Liaquatabad No.10,24.9029771,67.0386279
Liaquatabad Post Office,24.8984217,67.0311552
Light House,24.7939698,66.9775751
Light house,24.7939698,66.9775751
Lilly Road,,
Liqautabad,,
Long Lehar,,
Luck Star Hotel,,
Lucky Star,24.8602064,67.207863
Lucky Star Hotel,24.9243407,67.0645066
Lucky star,24.8602064,67.207863
Lucky star(Asghar shaheed Road),,
Luxury Appartments Habibia Chowk,,
Lyari Hospital,24.8722653,66.9852875
M.A,24.9322287,67.0697087
M.A Ghazi,24.9215198,66.9676745
M.A Jinnah,24.8513287,67.0017386
M.A Jinnah Raod,,
M.A Jinnah Road,24.8468593,66.9934587
M.A JinnahRoad,,
M.A jinnah Road,24.8468593,66.9934587
M.A.Jinnah Road,24.8468631,66.9936565
M.AJinnah Road,,
M.E.S,24.8452044,66.9962612
M.P.R Colony,,
M.R Kiyan Road,,
M.R Kiyani Road,,
M.T Khan Road,24.8434525,67.0071715
M.W Tower,,
M.W tower,,
MAzar-e-Quaid,24.8746966,67.0393217
Ma,24.8546842,67.0207055
Machine Tool Factory,24.8394175,67.2532666
Madina Colony,24.8820226,67.0219999
Madina Colony No 5,24.8820226,67.0219999
Madni Goth,24.8809448,67.0596674
Madrassa-e-Anwarul Uloom,,
Mahmood Abad No. 6,,
Mahmoodabad,24.9005005,67.0292892
Mahmoodabad No. 6,24.9005005,67.0292892
Mahtab Cinema,,
Mai Colachi Road,,
Mai Kalachi Road,24.9220191,66.9632498
Mai Kolachi Road,24.8282256,67.0201655
Main Clifton,24.8279383,67.0336985
Main Clifton Road,24.8279383,67.0336985
Mair 15,,
Maison Road,,
Majeed Colony Sec No. 2,,
Makki Masjid,24.9803196,67.2151913
Malir,24.8773046,67.1902424
Malir 15,24.8790242,67.1882644
Malir Cantt,24.9519357,67.2262313
Malir Chowk,24.8467895,67.2133591
Malir City,24.8791896,67.1881033
Malir City No. 15,24.8791896,67.1881033
Malir City Petrol Pump,,
Malir Halt,24.8844268,67.1745528
Malir Mandir,24.8754713,67.1933307
Malir No. 15,24.8959185,67.1969187
Malir No.15,24.8959185,67.1969187
Malir Road,24.8586011,67.034936
Malir Scheme No. 1,24.8800518,67.4007813
Malir Tanki,,
Malir city,24.8791896,67.1881033
Malir malt,,
MalirCity,,
Malook Hotel,,
Manghopir,24.9956895,67.0311233
Manghopir Road,24.9229183,67.0147958
Manghopir mazar,,
Manghopir police Station,24.9847442,67.0386799
Mangopir,24.9612349,67.0305112
Manhgopir Road,,
Mansehra,24.8574063,67.1871262
Mansehra Colony,24.8574063,67.1871262
Manserah Colony,,
Mansfelf Street,,
Mansfield,24.860307,67.0319283
Mansfield Street,24.8648308,67.0294183
Mansfield street,24.8648308,67.0294183
Mansoor Nagar,24.9686693,66.9824209
Mansoor nagar,24.9686693,66.9824209
Manzil Pump,,
Manzoor Colony,24.84588,67.0873347
Mari Pur,,
Maria Hill Luxury Appartments,,
Maria Hill View,,
Marine Road,24.8273231,67.0364311
Maripur,24.8829386,66.9129303
Market,24.8175861,67.0044012
Market 6,24.8175861,67.0044012
Market No 6,24.8175861,67.0044012
Market No. 6,24.8175861,67.0044012
Maroon Mill,,
Maroora Goth,,
Maror Goth,,
Marriet Road,,
Martin Road,24.8909713,67.0491491
Masan Road,,
Masid-e-Khizra,,
Masjid Abrar,24.9098077,67.0791593
Masjid Adamjee Nagar,,
Masjid-e- khizra,24.8782446,67.1476136
Masjid-e-Khizra,24.8782446,67.1476136
Masjid-e-Khizran,,
Masjid-e-Quba,24.9135449,66.9553604
Masjid-e-Usman,24.8002057,67.0339936
Masjid-e-khizra,24.8782446,67.1476136
Maskan,24.9341008,67.1026719
Mason Road,24.8214766,66.9787162
Masroor Colony,24.8945612,66.945057
Match Factory,,
Mauri Pur,,
Mauripur,24.8795902,66.9114511
Mauripur Road,24.8675298,66.9415074
Mauripur Truck Adda,,
Mauripur Village,,
Mawach Colony,,
Maymar Complex,,
Maymar Plaza,,
Maymar Town,25.0223271,67.1345412
Maymarabad,25.016421,67.0620272
Mazar Abdullah Ghazi,,
Mazar Abdullah Shah Ghazi,,
Mazar quaid-e-azam,24.8746966,67.0393217
Mazar-e-Quaid,24.8746966,67.0393217
Mcleod Road,24.8491113,67.0012571
Meesa Goth,,
Meesa lane,,
Mehata palace,,
Mehmodabad,24.8569279,67.075817
Mehmodabad No.6,,
Mehmoodabad,24.8507777,67.07301
Mehmoodabad Gate,,
Mehmoodabad No. 5,24.8507777,67.07301
Mehmoodabad No. 6,24.8507777,67.07301
Mehmoodabad No. 6. New Split Level Road,,
Mehran Depot,,
Mehran Hotel,24.8517571,67.0339393
Memom Goth,24.8810654,67.0505027
Memon Goth,24.9203449,67.2516126
Memon Mullah Issa Goth,,
Memon Society,24.86872,67.0745322
Memon goth,24.9203449,67.2516126
Mereweather Tower,,
Meshang Road,,
Metriville,,
Metro,24.8877573,67.1521101
Metro Cinema,24.9358484,67.0094257
Metrologecal Department,,
Metrological Office,,
Metropo,,
Metropol,,
Metropole hotel,24.8504651,67.0301733
Metropolitan Steel Corporation,,
Metroville,24.9307539,66.9979069
Metroville 2,24.9307539,66.9979069
Metroville 3,24.9441206,67.1034363
Metroville-III,24.9467604,67.1018526
Mian Wali Colony,,
Mian dad goth,,
Mianwali,24.8627627,66.9894506
Mianwali Colony,,
Mid East Hospital,,
Mill Area,24.9378924,67.0854602
Millat Town,24.87216,67.1705412
Mills Area,24.883276,67.0656927
Mir Karam Ali Talpur Road,24.8614783,67.0301625
Mir Karim Ali Talpur Road,,
Mir Kran Ali Talpur Road,,
Mir karam Ali Talpur Road,24.8614783,67.0301625
Mir karam ali talpur Road,24.8614783,67.0301625
Mir naka,,
Mira Naka,,
Mira adam Khan Road,,
Mira naka,,
Miran Naka,24.8794843,66.9956482
Mirza Adam Khan Road,24.8801665,66.9996725
Mirza adam khan Road,24.8801665,66.9996725
Moach Goth,24.9232517,66.9467442
Moach goth,24.9232517,66.9467442
Moch Goth,24.9345201,66.9449538
Model Colony,24.9068326,67.1894182
Model Colony Malir Halt,,
Model Village,24.8911762,67.2047253
Moenabad,,
Mohabbat khanji Road,,
Mohajir Camp,24.9149461,66.9727647
Mohajir Camp No. 19-D,,
Mohajir Camp No. 7,,
Mohajir Camp No. 8,,
Mohajir Camp No.4,,
Mohajir Camp No.7,,
Mohajir camp,24.9149461,66.9727647
Mohajir camp 7-1/2,,
Mohajir camp No 7-1/2,,
Mohammad Khan Colony,24.9449869,66.9660721
Mohammad Khan Goth,24.9883869,67.1045801
Mohammad Murad Gokhia Goth,,
Mohammad bin qasim Road,,
Mohammad khan goth,24.9883869,67.1045801
Mohan Road,24.85817,67.0184369
Molvi Tameez-uddin Road,,
Mominabad,24.9304645,66.9917469
Moosa Colony,24.92013,67.0489994
Moosa Hotel,,
Moosa Lane,24.857097,66.9973048
Moria Faqir Goth,,
Mosa Lane,,
Mosamiat,24.9360112,67.1376597
Moti Mahal,24.8838039,67.0672128
Moti Mahal No. 1,,
Moti Mehal,,
Motti Mahal,,
Mouch Goth,,
Mouchi Mor No 5,,
Mouchi Mour,,
MuBarak Masjid,24.7953957,67.0433229
MuBarak Shaheed Road,24.8627489,67.0350723
Muderwah,,
Muhajir Camp,24.9075095,66.9638897
Muhajir Camp No. 4,24.9075095,66.9638897
Muhajir Camp No. 5,24.9075095,66.9638897
Muhajir Camp No.7,24.9075095,66.9638897
Muhammad Ali Chowk,,
Muhammadi Chowk,24.9208798,67.0211951
Mulla Issa,,
Mullah Issa Goth,,
Municipal Dispensary,,
Murad Memon Goth,,
Murghee Khana,,
Murshid Bazar,24.8597762,67.0299137
Murtaza Chowrangi,,
Muscut Industries,,
Muslim League Quarters,,
Muslimabad,24.8777203,67.0497813
Mustafabad Colony,,
Muzafarabad,24.9375995,67.0395232
Muzafarabad Chowrangi,,
Muzaffarabad Colony,24.8291934,67.2298522
Muzaffarbad Colony,,
Myrghi Khana,,
N.I.P.A,24.889122,67.1492879
N.I.P.A Chowrangi,,
N.S.C Building,,
NSC Building,,
Na Abadi,24.9113446,67.0943695
Nabbu Goth,,
Nadi Kinara,24.9105481,67.2243149
Nafees Cinema,24.8898446,67.1988458
Nagan Chowrangi,24.9650421,67.0668664
Nagin Chowrangi,,
Nagina cinema,,
Nai Abadi,24.9170133,66.9626852
Nai Abadi 5-D-1,24.9170133,66.9626852
Nai Abadi 5-D-4,24.9170133,66.9626852
Naiabadi,,
Naibadi. Manghopir Road,,
Nairang,,
Nala,24.8979844,67.0392275
Nala No 1,,
Napier Police Station,24.8614463,67.0007758
Napier Road,24.8553326,67.0044976
Naseerabad,24.9326064,67.0741284
Nasir Colony,24.8215066,67.1277953
Nasirabad,24.9935388,67.0771572
Nata Khan,24.8835251,67.1365798
Natha Khan Goth,24.8848113,67.1361423
Natha khan Goth,24.8848113,67.1361423
NathaKhan Goth,,
National Cement,24.9092952,67.1052711
National Cement Factory,,
National Highway,24.8652998,67.2043699
National Motors,24.8544884,67.2431689
National Museum,24.8527106,67.0176137
National Stadium,24.8952212,67.0816725
National Stadium Road,24.8952212,67.0816725
National Super Highway,,
National cement Ffactory,,
National highway,24.8600584,67.2755951
National stadium,24.8952212,67.0816725
Native jetty,,
Naval Colony,24.9467025,66.9382883
Naval Colony( Hub River Road),,
Naval Quaters,,
Nazimabad,24.905865,67.0307183
Nazimabad Board,24.9244948,67.0321749
Nazimabad Chowrangi,24.9009011,67.0299146
Nazimabad Chowrangi 1,24.9009011,67.0299146
Nazimabad Chowrangi 2,,
Nazimabad Chowrangi No 1,,
Nazimabad Chowrangi No. 1,,
Nazimabad No 2,24.905865,67.0307183
Nazimabad No 7,24.905865,67.0307183
Nazimabad No. 1,24.905865,67.0307183
Nazimabad No. 2,24.905865,67.0307183
Nazimabad No. 3,24.905865,67.0307183
Nazimabad No. 4,24.905865,67.0307183
Nazimabad No. 6,24.905865,67.0307183
Nazimabad No. 7,24.905865,67.0307183
Nazimabad No.1,24.905865,67.0307183
Nazimabad No.2,24.905865,67.0307183
Nazimabad Petrol Pump,24.9361437,67.0758445
Nazimabad Post Office,24.9076797,67.0261462
Nazimabd,24.9065266,67.0326401
Nazrul Islam Road,24.8724393,67.0512581
Netti Jatti,,
New Abadi,24.923704,66.9685215
New Abadi Sector 5-D,,
New Abadi Sector 5-F Area,,
New Bridge Baloch Colony,,
New BundChowrangi,,
New Dhoraji Colony,24.8893295,67.0777183
New Karachi,24.9725357,67.0669523
New Karachi 5-D,24.9725357,67.0669523
New Karachi 5-F Allahwala Masjid,,
New Karachi Block 5-F,,
New Karachi Nai Abadi,24.9135612,66.9718017
New Karachi No 1,24.9725357,67.0669523
New Karachi No 3,24.9725357,67.0669523
New Karachi No. 1,24.9725357,67.0669523
New Karachi No. 2,24.9725357,67.0669523
New Karachi No. 3,24.9725357,67.0669523
New Karachi No. 5,24.9725357,67.0669523
New Karachi Sector 11-J,24.9879575,67.0651236
New Karachi Sector 5,25.007286,67.0768994
New Karachi Sector 5-D,25.007286,67.0768994
New Karachi Sector 5-E,24.9919091,67.0709951
New Karachi Sector II-C,,
New Karachi Sector No. 5-B,,
New Karachi Sector No. 5-C,24.8363849,67.1425897
New Karachi allahwala masjid,,
New KarachiSector II-E Area,,
New Karahci Saindad Goth,,
New Kenker,,
New Link Road,24.9454565,67.1602173
New M.A Jinnah Road,24.8660413,67.0374894
New Muzafarabad,24.9375995,67.0395232
New Muzaffarabad Colony,24.8256515,67.2249258
New Queens way,,
New Race Course,,
New Sabzi Mandi,,
New Saeedabad Police Training School,,
New Sultanabad,24.9755077,67.0151814
New Town,24.9948533,67.0642997
New Town Chowrangi,24.9253629,67.0924054
New Town Masjid,24.9312719,66.9860983
New Town Mosque,,
New Town Police Station,24.8888121,67.0604742
New sabzi mandi B-10,,
Nigar Cinema,24.8579291,67.0033704
Nihal Hospital,,
Nishan- e-Hyder Road No. 5,,
Nishtar Road,24.8883645,67.0343589
Nishter Road,24.8885837,67.0330235
Nizamabad PetrolPump,,
No.10,24.8546842,67.0207055
No.4,24.8546842,67.0207055
Nomaish,,
Noor masjid,24.8658118,67.0179862
Noorani Masjid,24.9428381,66.9635943
Noorani Masjid Block 20 Fedral B. Area,,
North Karachi,24.9439091,67.0846314
North Karachi 5-E,24.9879575,67.0651236
North Karachi Nai Abadi Kala School,,
North Karachi Sector 2,25.0024748,67.0523143
North Karachi Sector 3,24.9965035,67.0530948
North Karachi Sector 4,24.9884769,67.0534716
North Karachi Sector 5,24.9963385,67.0698599
North Karachi Sector 5-A,24.9879575,67.0651236
North Karachi Sector 5-B,24.9963385,67.0698599
North Karachi Sector No. 2,24.977526,67.0890925
North Karachi Sector No. 5-I,,
North Nazimabad,24.9424616,67.0477185
North Nazimabad Block M,24.9450699,67.0569223
Numaish,24.8720773,67.0341289
Nursary,24.9023013,67.0510113
Nursery,24.9163873,67.1224255
Nursey,,
Nusery,,
Nusrat Bhutto Colony,24.9627879,67.0460277
Nusrat Buttho Colony,,
Nusrat bhutto Colony,24.9624416,67.047952
Oil Piri Road,,
Ojha Road,24.8592615,67.016528
Old Exhibition,,
Old Goli Maar,,
Old Golimar,24.8887634,67.0195127
Old Haji Camp,24.8440461,67.0377769
Old Haji Camp Road,,
Old Nomaish,,
Old Numaish,,
Old Thana,,
Old exhibition,,
Old golimar,24.8887634,67.0195127
OldExhibition,,
Orang Town No. 5,,
Orangi No 1,24.9461056,67.0128813
Orangi No 10,24.9461056,67.0128813
Orangi No 13,24.9461056,67.0128813
Orangi No 14,24.9461056,67.0128813
Orangi No 4,24.9461056,67.0128813
Orangi No 5,24.9461056,67.0128813
Orangi No 8-1/2,,
Orangi No. 1,24.9461056,67.0128813
Orangi No. 10,24.9461056,67.0128813
Orangi No. 11 1/2,24.9755911,67.0151485
Orangi No. 12,24.9461056,67.0128813
Orangi No. 13,24.9461056,67.0128813
Orangi No. 14,24.9461056,67.0128813
Orangi No. 16,24.9461056,67.0128813
Orangi No. 4,24.9461056,67.0128813
Orangi No. 5,24.9461056,67.0128813
Orangi No. 6,24.9461056,67.0128813
Orangi No. 7,24.9461056,67.0128813
Orangi No. 8,24.9461056,67.0128813
Orangi No.1,24.9461056,67.0128813
Orangi No.13,24.9461056,67.0128813
Orangi No.14,24.9461056,67.0128813
Orangi No.7,24.9461056,67.0128813
Orangi No.8,24.9461056,67.0128813
Orangi Sector No. 1,24.9568933,66.9961301
Orangi Sector No. 13,24.9513274,66.9978213
Orangi Sector No. 14,24.9329456,66.9988308
Orangi Sector No. 5,24.9513274,66.9978213
Orangi Sector No. 7,24.9568933,66.9961301
Orangi Town,24.9461056,67.0128813
Orangi Town No 13,24.9461056,67.0128813
Orangi Town No 14,24.9461056,67.0128813
Orangi Town No. 1,24.9461056,67.0128813
Orangi Town No. 12,24.9461056,67.0128813
Orangi Town No. 13,24.9461056,67.0128813
Orangi Town No. 14,24.9461056,67.0128813
Orangi Town No. 4,24.9461056,67.0128813
Orangi Town No. 5,24.9461056,67.0128813
Orangi Town No. 6,24.9461056,67.0128813
Orangi Town No. 7,24.9461056,67.0128813
Orangi Town No. 8,24.9461056,67.0128813
Orangi Town No.14,24.9461056,67.0128813
Orangi Township,,
Orangi Township No. 10,,
P.A.F,24.889122,67.1492879
P.A.F Airport,,
P.A.F Masroor,,
P.A.F Stop Gate,,
P.A.T Colony,24.8274298,67.0478984
P.E.C.H.S,,
P.E.C.H.S society bus stop,,
P.I.B Colony,24.8929141,67.0578583
P.I.D.C,,
P.I.D.C House,24.8462181,67.0249339
P.M.T.F Colony,,
P.N.S.C Building,,
P.O sindhi hotel,,
P.S Khuwaja Ajmer Nagri,,
PAF,24.793749,67.1355977
PAF Masroor,24.8945612,66.945057
PIB Colony,24.8946548,67.053012
PIDC,,
PIDC House,,
PMTF Colony,,
PMTF Quaidabad,,
PNS Shifa,24.8377751,67.0490542
PNSC Building,24.8442942,66.9929471
Pahalwan Goth,,
Pahar Gang,,
Pahar Gang Abdullah College,,
Pahar Ganj,24.941144,67.0272792
Pahar ganj,24.941144,67.0272792
Pahlwan Goth,,
Pahlwan Goth Old Area,,
Pak Quarters,24.8867307,67.0519096
Pakistan Chowk,24.8541602,67.0123583
Pakistan Colony,24.960993,66.9857873
Pakistan Quarters,24.8822836,67.0241399
Pakistan Steel Mills,24.805247,67.3465824
Pakistan quaters,,
Panka Hotel,,
Pankha hotel,24.8839157,66.9925867
Paposh,24.9243522,67.0199057
Paposh Nagar,24.9243522,67.0199057
Paposh Petrol Pump,,
Paposh nagar,24.9243522,67.0199057
Paracha Mill,24.8869556,66.9796912
Pareshan Chowk,,
Patel Para,24.8810081,67.038289
Pathan Colony,24.9297723,67.0110312
Peela School,24.9061393,67.0241802
Peer sarhandi Village,,
Pehalwan Goth,24.8792289,67.0386817
Peoples Chowrangi,,
Peoples Colony,24.9447964,67.0657815
Petrol Pump,,
Petrol Pump Chowrangi,24.9285936,67.1140333
Petrol Pump Golimar,,
Petrol Pump Nazimabad No. 2,,
Philips Company,,
Picadilly,,
Pipri,24.8579116,67.3122946
Pir Bokhari,,
Pir Colony,24.874476,67.0473078
Pir Illahi Bux Colony,,
Pir Sahib Goth,,
Pirani Centre,,
Plaza,24.847644,67.0003498
Plaza Cinema,,
Poeples Colony,,
Police Chowki,24.9584955,66.9815362
Police Station,24.923289,67.1474984
Police Training School,,
Polictechnic College,,
Politechnical,,
Polytechnic,24.8407491,67.1935678
Polytechnic college,24.9264278,67.0288682
Post Office,24.8611085,67.0169416
Postoffice,,
Power House,24.9510446,67.0750685
Power House Road,24.9510446,67.0750685
Power house,24.9857105,67.0656828
Preedt Street,,
Preedy Station,24.861877,67.0216111
Preedy Street,24.8618265,67.022396
Preedy street,24.8618265,67.022396
Prehmat Chowk,,
Pretam das Road,,
Prince Street,24.8780788,67.0274742
Punjab Chowrangi,,
Punjab Colony,24.830219,67.0466072
Punjabi Club,,
Purana Golimar,,
Purana Truck Stand,,
Purana golimar garden,,
Purani Golimar,,
Purani Numaish,,
Purani haji camp,,
Purani numaish,,
Purran Hagi Camp,,
Pushtoonabad,,
Qabail Chowk,,
Qabrustan,24.9452917,67.1086091
Qadafi Chowk,,
Qalandari Chowk,,
Qalandaria Chowk,24.9595578,67.0500548
Qalandri Chowk,,
Qalandria Chowk,,
Qamar House,,
Qamar house,,
Qasba Colony,24.9421426,67.0237121
Qasba Mour,,
Qasba mor,24.9390864,67.0192293
Qasim Ali Shah,24.925733,66.938856
Qater hospital,,
Qattar Hospital,,
Qauidabad,,
Qayumabad,24.82743,67.0785584
Qayyum Abad,24.8250587,67.080973
Qayyumabad,24.829419,67.080768
Qazafi Town,24.849501,67.225506
Qazzafi Town,24.8225939,67.0459641
Quaid-e-Azam Colony,,
Quaid-e-azam society,,
Quaidabad,24.8551282,67.2117445
Quaidabad Railway Station,,
Quaters,24.8651143,67.0220967
Quetta Lane,24.9136705,67.1206804
Qureshi hotel,24.9660172,67.0673942
Quyumabad,,
Quyumabad Chowk,,
Qyub Manzil,,
R.C.D Highway,,
R.T.A Office,,
Rabi City,,
Rabia City,24.9083967,67.130701
Raca course,,
Race course,24.8372252,67.0414493
Radio pakistan,24.8602855,67.0184288
Raees Amrohi Colony,24.9609285,66.9743851
Rafi Bunglows,,
Rafiq Shaheed Road,,
Rafique Shaheed Road,24.8547322,67.0389388
Rahimabad,24.8228509,67.153982
Rahmat Chowk,,
Rahri Goth,,
Railway Phatak,,
Railway Stadium,,
Rais Amrohvi Colony,,
Raja Ghazanfar Ali Road,24.8608418,67.0283849
Ram Swami,,
Ramswami,24.8686581,67.0151187
Ranchore,24.8627133,67.0139922
Ranchore Lane,24.8732236,67.0139419
Ranchore line,24.8647589,67.0233135
Ranchore lines,24.8627133,67.0139922
Ranchori line,,
Rashd Minhas Road,24.9271401,67.0906129
Rasheed Textile Mills,,
Rasheed Turabi Road,24.9259883,67.0484889
Rasheedabad,24.9046171,66.9718418
Rashid Minhas,24.9233205,67.0920458
Rashid Minhas Road,24.9093985,67.1077405
Rashid minhas Road,24.9093985,67.1077405
Rashidabad,,
Rashidabad No 2,,
Ravechand Road,,
Razakabad,,
Razi B.B Member Goth,,
Raziqabad,,
Regal,24.860555,67.02475
Regal Chowk,24.8604633,67.0244318
Regal Cinema,,
Regent Plaza,24.8548693,67.0401855
Rehmania Town,24.8844173,67.1598842
Rehri,24.8158871,67.2281223
Rehri Goth,24.8158871,67.2281223
Rehri Road,24.8262605,67.2247636
Reta Plot,24.8866974,67.1464556
Rexer Lines,,
Royal Stop,,
Rubby Cinema,,
Rubi Cinema,,
Ruby Cinema,,
Ruby Turn,,
Ruby cinema,,
Rustam Goth,24.9729547,66.9924269
S.I.T.E,24.9373755,67.0524375
S.I.T.E Police Station,,
S.M college,24.9189681,67.0849428
S.M.C.H.S,,
SASSI Hospital,,
SESSI Hospital,24.8338742,67.2257119
SITE,24.9424413,67.1403632
Sa,24.8546842,67.0207055
Saadi Town,24.9676249,67.1721202
Saba Akhtar Road,,
Saba Cinema,24.9867486,67.0857887
Saba cinema,24.9867486,67.0857887
Sabil Wali Masjid,,
Sabilwala Mosque,,
Sabilwali Masjid,,
Sabzi MAndi,24.9983758,67.1577804
Sabzi Mandi,24.9983758,67.1577804
Sabzi mandi,24.9983758,67.1577804
Sachal Goth,24.9506569,67.1288595
Sadar,24.8605712,67.0317406
Saddar,24.8605712,67.0317406
Saddi Garden Scheme No. 33,,
Saddi Town,,
Saeed Abad,24.9360598,67.0267321
Saeed Manzil,24.840312,67.0177218
Saeedabad,24.879299,66.999896
Saeedabad Sector 4,24.9115144,66.968816
Safari Park,24.9205008,67.1114464
Safoora Goth,24.9392946,67.1561264
Safoora goth,24.9392946,67.1561264
Safora Goth,24.9165236,67.1338892
Safura Goth,,
Safuran Goth,,
Saghir Centre,24.9362457,67.0848215
Saghirabad,,
Sahafi Colony,,
Saifee Technology College,,
Sailani Colony,,
Sakhi Centre,24.8891611,66.9850134
Sakhi Hasan,24.9557798,67.0547588
Sakhi Hassan,,
Sakhi Hassan Nazimabad No. 7,,
Sakhi Hassan Road,24.8864274,67.0043453
Sakhi hasan,24.9588863,67.0544298
Sakhi hassan,24.9593018,67.056327
Saleem Centre,24.9785003,67.0669892
Saleh Mohammad Goth,,
Salim Centre,,
Samdani Hospital,24.9215799,67.0882897
Samdani hospital,24.9215244,67.0882142
Sangan Cinema,,
Sarwar Shaheed Road,24.8547586,67.0250043
Sarwar shaheed Road,24.8547586,67.0250043
Saudabad,24.9010045,67.2033252
Saudi Embassy,24.8167137,67.051722
Schon Chowrangi,,
School No. 3,24.9576626,67.1478033
School No. 4,24.8669261,67.0482146
Scout Colony,24.9428021,67.0988568
Sea View,24.7909724,67.0426313
Sector 1,25.0275481,67.4274299
Sector 10,25.0184221,67.178063
Sector 11-5,25.0719513,67.1687713
Sector 11-7,25.0719513,67.1687713
Sector 11-A,24.9825417,67.0605863
Sector 11-B,24.9743885,67.0607682
Sector 11-D,24.9809239,67.0741921
Sector 5-1,25.0719513,67.1687713
Sector 5-2,25.0719513,67.1687713
Sector 5-3,25.0719513,67.1687713
Sector 5-4,25.0719513,67.1687713
Sector 5-A,25.0153102,67.443592
Sector 5-B,25.0193877,67.4391512
Sector 5-B-1,24.8858373,66.9028537
Sector 5-B-4 New Karachi,24.977526,67.0890925
Sector 5-C,25.0209785,67.4480944
Sector 5-C-1,25.0719513,67.1687713
Sector 5-C-2,25.0719513,67.1687713
Sector 5-C-3,25.0719513,67.1687713
Sector 5-C/3,25.0719513,67.1687713
Sector 5-D,25.0719513,67.1687713
Sector 5-E nala,,
Sector 5-F,25.0719513,67.1687713
Sector 5-F Maidan New Karachi,,
Sector 5-K,25.0719513,67.1687713
Sector No 4,25.0719513,67.1687713
Sector No. 2 Majeed Colony,,
Security Printing Press,,
Sehrah Goth,,
Sessi Hospital,24.8338742,67.2257119
Sessi hospital,24.8338742,67.2257119
Seven Day Hospital,,
Shabnam Cinema,,
Shadman Town,24.961012,67.0501852
Shadman Town Qalandria Chowk,,
Shafi Goth,24.882999,67.0528171
Shafi Mour,,
Shafiq Mills,,
Shafiq Mour,,
Shah Bhittai Colony,,
Shah Faisal Colony,,
Shah Faisal Colony No. 3,24.8810955,67.145214
Shah Faisal Railway Station,,
Shah Waliullah Road,24.8635753,66.9891924
Shah faisal Colony,24.8810955,67.145214
Shaharh-e-Quaideen,,
Shahdibagh,,
Shaheed Complex,,
Shaheed millat Road,24.8875579,67.0503208
Shaheed-e- Millat Road,24.8819785,67.0613975
Shaheed-e-Milat Road,24.880024,67.0637244
Shaheed-e-Millat,24.8336226,67.0809928
Shaheed-e-Millat Chowrangi,,
Shaheed-e-Millat Road,24.8819785,67.0613975
Shaheed-e-millat Road,24.8819785,67.0613975
Shaheen Complex,24.8508147,67.0195102
Shahra- e-Faisal,24.8838184,67.1163915
Shahra- e-Quaiden,,
Shahra-e- Faisal,24.8838184,67.1163915
Shahra-e- Quaideen,,
Shahra-e-Faisal,24.8838184,67.1163915
Shahra-e-Firdousi,,
Shahra-e-Ghalib Chowrangi,,
Shahra-e-Humayun,,
Shahra-e-Iraq,,
Shahra-e-Jam Sadiq Ali,,
Shahra-e-Jehangir,,
Shahra-e-Kamal Attaturk,,
Shahra-e-Liaquat,,
Shahra-e-Pakistan,24.8838184,67.1163915
Shahra-e-Quaideen,,
Shahra-e-Quaiden,,
Shahra-e-Quiadeen,,
Shahra-e-Rasisal,,
Shahra-e-Soori,,
Shahrah Pakistan,24.8528564,67.0176726
Shahrah-e- Faisal,24.8700183,67.0878386
Shahrah-e- Iraq,,
Shahrah-e- Qaideen,24.8722487,67.0425178
Shahrah-e- Quaideen,24.8702752,67.0485639
Shahrah-e- Quaidin,,
Shahrah-e-Daruuloom,,
Shahrah-e-Failsal,,
Shahrah-e-Faisal,24.8700183,67.0878386
Shahrah-e-Galib,,
Shahrah-e-Humayu,,
Shahrah-e-Iraq,,
Shahrah-e-Jamm Sadiq Ali,,
Shahrah-e-Liaquat,24.8599778,67.024847
Shahrah-e-Millat Road,,
Shahrah-e-Qu,,
Shahrah-e-Quaideen,24.8702752,67.0485639
Shahrah-e-Wali Ullah Road,,
Shahrah-e-iraq,,
Shahrah-e-liaquat,24.8599778,67.024847
Shahrah-e-qaideen,24.8722487,67.0425178
Shahrah-e-shershah soori Road,,
Shara-e-Faisal,,
Sharafa Goth,,
Sharafi Goth,24.8530492,67.187944
Shareefa Goth,,
Sharshah,24.8889958,66.9824542
Sheed-e-Millat Road,,
Sheeri jinnah College,,
Sher Shah,24.8843625,66.9872422
Sher Shah Chowrangi,,
Sherpao Colony,24.8356622,67.2094289
Shershah,24.8848987,66.9975502
Shershah Chowrangi,,
Shidi Village,,
Shipowner College,24.9488618,67.0409069
Shireen Jinnah Colony,24.8173568,66.9957814
Shireen jinnah Colony,24.8173568,66.9957814
Shirin Jinnah Colony,,
Shirin jinnah Colony,,
Sho Market,24.9103736,67.0511764
Shoe Market,24.872303,67.0180107
Shorab Goth,,
Siddiq Market,24.864654,67.0047744
Siddiq Wahab Road,24.8645678,67.0047871
Siemens Chowrangi,24.9030999,67.0025873
Sindh Goverment Hospital,24.8757888,67.0479543
Sindh Hotal,,
Sindhi Hotel,24.9045237,67.0963339
Sindhi Hotel New Karachi,,
Sindhi Muslim Society,24.9784878,67.1196603
Sindhi hotel,24.9045237,67.0963339
Sinfer Chowrangi,,
Singer Area Road No. 13000,,
Singer Chowrangi,24.8507452,67.1812931
Sir Syed Town,24.9701789,67.0581855
Sir syed Town,24.9701789,67.0581855
Site,24.9424413,67.1403632
Site Police Station,24.9068299,66.9968733
Site Thana,,
Soceity,24.8265519,67.1175814
Social Security Hospital,24.9479138,67.0059951
Society,24.9670243,67.1219726
Society Graveyard,24.850698,67.2436393
Society Office,24.9649857,67.1431899
Society Office Goro Mandir,,
Society Qabristan,,
Society Qabrustan,,
Society office,24.9649857,67.1431899
Sohrab Goth,24.9505443,67.0897399
Sohrab goth,24.9505443,67.0897399
Soldier Bazar,24.8766471,67.0311682
South Napier Road,,
Spencer Hospital,24.862769,67.0023813
Spensor Eye Hospital,,
St. Patrick High School,24.8631455,67.0348298
Stadium,24.8952212,67.0816725
Stadium Road,24.8923257,67.0823986
Star Centre,24.9524979,67.0477688
Star Gate,24.8870129,67.1557701
State Bank,24.8488457,66.9995595
State Bank Quarters,,
Station,24.8501778,67.2124833
Statte Bank,,
Steel Town,24.8691966,67.3381208
Stop No 4,24.9104807,67.2245414
Street 26,24.797467,67.0505058
Stretchen Road,,
Studium,,
Subzi mandi,24.998698,67.1584939
Sufari Park,,
Sui Gas Terminus,,
Sujani Town,,
Sultan Masjid,24.8457765,67.0713592
Sultanabad,24.8418221,67.0185108
Sultanabad Chowrang,,
Sumdani Hospital,,
Sunset Blvd,24.8300592,67.0537547
Sunset Boulevard,24.8304877,67.0558657
Sunset Bulevard,,
Sunset Bulivard,,
Sunset Bulyard,,
Sunset blvd,24.8304877,67.0558657
Super Highway,24.9848011,67.237952
Super Market,24.9043845,67.0478953
Super Market (Near Maymar Flats),,
Surjani,25.0332889,67.0610676
Surjani Chowrangi,25.0061761,67.0641277
Surjani K.D.A Office,,
Surjani Roundabout,,
Surjani Sector 4,25.0253824,67.0649138
Surjani Sector 5-D,25.0374455,67.062956
Surjani Sector 7,25.0253824,67.0649138
Surjani Town,25.0770299,67.073576
Surjani Town No. 1,25.0278591,67.0552094
Surjani Town No. 2,25.0278591,67.0552094
Surjani Town No. 3,25.0190981,67.0696193
Surjani Town No. 4,25.0078575,67.0577811
Surjani Town No. 5,25.0190981,67.0696193
Surjani Town No. 6,25.0278591,67.0552094
Surjani Town Sector 10,25.0462666,67.0680607
Surjani Town Sector 10-V,25.0462666,67.0680607
Surjani Town Sector 11,25.0456025,67.0568894
Surjani Town Sector 5-A/2,25.0225104,67.0554431
Surjani Town Sector 5-A/3,25.0225104,67.0554431
Surjani Town Sector 5-A/4,25.0225104,67.0554431
Surjani Town Sector 7,25.0327889,67.0689682
Surjani Town Sector 7-D,25.0366138,67.0717815
Surjani Town Sector 8,25.0330519,67.0804686
Surjani Town Sector 9,25.0465146,67.0778819
Swana City,,
Swat Colony,24.9122576,66.9578909
Sweeper Colony,,
T&T Department,24.8647811,67.020555
T.V Station,,
Tahir Saifuddin Road,,
Taj Hotel,24.9257338,67.0638133
Taj Mahal Hotel,,
Taj Silk Mill,,
Taj hotel,24.9257338,67.0638133
Talpur Road,24.8797795,67.0245053
Tanki,24.8982949,67.0179347
Tanki No. 4,24.8982949,67.0179347
Tanver Mahal Cinema,,
Tarachand Road,24.821682,66.9843499
Tariq,24.8238647,67.0377091
Tariq Road,24.8655388,67.0560745
Tariq Road Chowrangi,,
Tasweer Mahal,,
Tasweer mahal,,
Teen Hati,,
Teen Hatti,24.8932027,67.0438165
Teen Talwar,24.8338179,67.033666
Teen hatti,24.8932027,67.0438165
Telephone Exchange,24.8719004,67.3596871
Terminal Building,24.8350316,66.9737938
Terminal No. 4,24.8794368,67.3042046
Thal Ram Khimchand Road,,
Thana ajmer nagri,,
Thorani goth,,
Tibbet Centre,,
Tibet Building,,
Tibet Centre,24.862842,67.0219172
Tibet Market,24.862842,67.0219172
Tin Hatti,,
Tinhatti,,
Tokyo Terrace Plaza,,
Tooba Masjid,24.8432788,67.0541319
Tool Factory,24.8394175,67.2532666
Torri Chowk Sector II,,
Tower,24.8487556,66.9966678
Tower Keamari,24.8476897,66.9901492
Town Chowrangi,24.8427736,67.1331305
Traffic Police Kiask,,
Trauma Centre,24.8602731,67.0111174
Two Minites stop,,
Two Minute Chowrangi,24.999951,67.0647097
Two Minutes Chowrangi,,
Two Talwar,,
Two minites stop,,
Two minutes stop,,
U.P Mour,,
U.P Soceity,,
U.P Society,24.8370623,67.1699979
U.P Society. U.P Mour,,
U.P mor,,
U.P society,24.8370623,67.1699979
United Printing,,
University,24.923854,67.062084
University Road,24.9391194,67.1565359
Univesity,,
Up More,,
Urdu Chowk,24.8480645,67.1976662
Urdu College,24.9130813,67.0912676
Urdu Science Collage,,
Urdu Science College,,
Valika,24.9033098,66.9919873
Valika Hospital,24.9272234,67.0155671
Valika Mill,,
Valika Mills,,
Valika hospital,24.9272234,67.0155671
Valika mills,,
Valika stop,,
Valikaa mills,,
W.F Mour,,
Wahadat Colony,,
Walika Hospital,,
Washail Bagh,,
Water Pump,24.874899,67.1673
Wazir Mansion,24.850975,66.9975314
Wazir mansion,24.850975,66.9975314
Wellington Street,24.8588422,67.0316405
Wellington street,24.8588422,67.0316405
West Warf,24.849762,66.9832041
West Wharaf Road,,
West Wharf,24.8467111,66.9838167
West Wharf Road,24.8491523,66.9818869
West wharf,24.8467111,66.9838167
Willayat Ali shah,,
Wood Street,24.8472725,67.0024408
Wood street,24.8472725,67.0024408
Yaqoobabad,24.9707991,66.9735874
Yasinabad,24.9202282,67.0759779
Yasinabad Alliaabad,,
Yosuf Goth,,
Yousuf goth,24.8602104,67.258722
Z.M.C stop,,
Zafar House,24.8255563,67.1718219
Zam Zam Chowk,24.865663,67.0186304
Zam zam Chowk No 4,,
Zero Mile,,
Zia Chowk,,
Zia Colony,24.9176941,67.079836
Zia-ul-Haq Colony,24.9209167,67.0810916
Ziauddin Hospital,24.8175605,67.0074173
Ziauddin Road,24.8520382,67.0186126
Ziaudin Ahmed Road,,
Ziaul Haq Colony,,
ddabad,,
frere Road,24.857678,67.0312036
gulshan-e-bihar,24.8875579,67.0503208
habib bank,24.8538917,67.003892
hyderi,24.9390175,66.9946574
jail Road,24.8927806,67.0543393
karimabad,24.9195535,67.0556807
labour Square,24.9043422,66.9835094
lucky star,24.8380156,67.1729025
naiabadi,,
nishter Road,24.8885837,67.0330235
orangi No 1,24.9461056,67.0128813
shah faisal Chowk,,
shershah,24.8848987,66.9975502
statin,,
